file,topic,bytes
"assets/universal_library/body/body__human-anatomy-concept__lf-blood-circulation-1.jpg","body","62738"
"assets/universal_library/body/body__human-anatomy-concept__lf-blood-circulation-2.jpg","body","62738"
"assets/universal_library/body/body__human-anatomy-concept__lf-blood-circulation-3.jpg","body","62738"
"assets/universal_library/body/body__human-anatomy-concept__lf-blood-circulation-4.jpg","body","62738"
"assets/universal_library/body/body__human-anatomy-concept__lf-blood-circulation-5.jpg","body","62738"
"assets/universal_library/body/body__human-anatomy-concept__lf-blood-circulation-6.jpg","body","62738"
"assets/universal_library/body/body__human-anatomy-concept__lf-blood-circulation-7.jpg","body","62738"
"assets/universal_library/body/body__human-anatomy-concept__lf-blood-circulation-8.jpg","body","62738"
"assets/universal_library/body/body__human-anatomy-concept__lf-human-anatomy-1.jpg","body","263367"
"assets/universal_library/body/body__human-anatomy-concept__lf-human-anatomy-2.jpg","body","263367"
"assets/universal_library/body/body__human-anatomy-concept__lf-human-anatomy-3.jpg","body","263367"
"assets/universal_library/body/body__human-anatomy-concept__lf-human-anatomy-4.jpg","body","263367"
"assets/universal_library/body/body__human-anatomy-concept__lf-human-anatomy-5.jpg","body","263367"
"assets/universal_library/body/body__human-anatomy-concept__lf-human-anatomy-6.jpg","body","263367"
"assets/universal_library/body/body__human-anatomy-concept__lf-human-anatomy-7.jpg","body","263367"
"assets/universal_library/body/body__human-anatomy-concept__lf-human-anatomy-8.jpg","body","263367"
"assets/universal_library/body/body__human-anatomy-concept__w-10509071.jpg","body","60717"
"assets/universal_library/body/body__human-anatomy-concept__w-109280817.jpg","body","924520"
"assets/universal_library/body/body__human-anatomy-concept__w-111620220.jpg","body","191555"
"assets/universal_library/body/body__human-anatomy-concept__w-116406229.png","body","318145"
"assets/universal_library/body/body__human-anatomy-concept__w-126076391.png","body","537958"
"assets/universal_library/body/body__human-anatomy-concept__w-126858794.jpg","body","720119"
"assets/universal_library/body/body__human-anatomy-concept__w-137094952.jpg","body","1001913"
"assets/universal_library/body/body__human-anatomy-concept__w-154620282.jpg","body","120487"
"assets/universal_library/body/body__human-anatomy-concept__w-154620285.jpg","body","224804"
"assets/universal_library/body/body__human-anatomy-concept__w-159057378.jpg","body","116999"
"assets/universal_library/body/body__human-anatomy-concept__w-161034034.jpg","body","515318"
"assets/universal_library/body/body__human-anatomy-concept__w-161961825.png","body","1845817"
"assets/universal_library/body/body__human-anatomy-concept__w-166916491.png","body","1082965"
"assets/universal_library/body/body__human-anatomy-concept__w-166966699.png","body","560666"
"assets/universal_library/body/body__human-anatomy-concept__w-177787616.jpg","body","95309"
"assets/universal_library/body/body__human-anatomy-concept__w-178154880.jpg","body","260154"
"assets/universal_library/body/body__human-anatomy-concept__w-178777245.jpg","body","285903"
"assets/universal_library/body/body__human-anatomy-concept__w-178931010.png","body","135601"
"assets/universal_library/body/body__human-anatomy-concept__w-178931107.png","body","527478"
"assets/universal_library/body/body__human-anatomy-concept__w-178931108.png","body","416248"
"assets/universal_library/body/body__human-anatomy-concept__w-179674589.png","body","400773"
"assets/universal_library/body/body__human-anatomy-concept__w-179683558.jpg","body","731213"
"assets/universal_library/body/body__human-anatomy-concept__w-179683559.jpg","body","690877"
"assets/universal_library/body/body__human-anatomy-concept__w-179683560.jpg","body","801281"
"assets/universal_library/body/body__human-anatomy-concept__w-18410797.jpg","body","317411"
"assets/universal_library/body/body__human-anatomy-concept__w-18410801.jpg","body","1655711"
"assets/universal_library/body/body__human-anatomy-concept__w-18410805.jpg","body","453895"
"assets/universal_library/body/body__human-anatomy-concept__w-18410807.jpg","body","579677"
"assets/universal_library/body/body__human-anatomy-concept__w-18410811.jpg","body","1073563"
"assets/universal_library/body/body__human-anatomy-concept__w-18410812.jpg","body","1812029"
"assets/universal_library/body/body__human-anatomy-concept__w-18410815.jpg","body","328344"
"assets/universal_library/body/body__human-anatomy-concept__w-187713807.png","body","2332172"
"assets/universal_library/body/body__human-anatomy-concept__w-187732689.png","body","2113686"
"assets/universal_library/body/body__human-anatomy-concept__w-189487397.jpg","body","804420"
"assets/universal_library/body/body__human-anatomy-concept__w-190003994.jpg","body","1743226"
"assets/universal_library/body/body__human-anatomy-concept__w-20566099.jpg","body","430979"
"assets/universal_library/body/body__human-anatomy-concept__w-20566172.jpg","body","323009"
"assets/universal_library/body/body__human-anatomy-concept__w-22778267.jpg","body","719414"
"assets/universal_library/body/body__human-anatomy-concept__w-25398291.jpg","body","688369"
"assets/universal_library/body/body__human-anatomy-concept__w-35127981.jpg","body","814072"
"assets/universal_library/body/body__human-anatomy-concept__w-35437992.jpg","body","397384"
"assets/universal_library/body/body__human-anatomy-concept__w-36205079.jpg","body","839415"
"assets/universal_library/body/body__human-anatomy-concept__w-36205087.jpg","body","852185"
"assets/universal_library/body/body__human-anatomy-concept__w-41831018.jpg","body","724941"
"assets/universal_library/body/body__human-anatomy-concept__w-4276347.jpg","body","771408"
"assets/universal_library/body/body__human-anatomy-concept__w-43361124.jpg","body","262255"
"assets/universal_library/body/body__human-anatomy-concept__w-43361139.jpg","body","178207"
"assets/universal_library/body/body__human-anatomy-concept__w-43361927.jpg","body","387085"
"assets/universal_library/body/body__human-anatomy-concept__w-43362584.jpg","body","320796"
"assets/universal_library/body/body__human-anatomy-concept__w-43372666.jpg","body","198863"
"assets/universal_library/body/body__human-anatomy-concept__w-43372670.jpg","body","299301"
"assets/universal_library/body/body__human-anatomy-concept__w-43935502.jpg","body","790049"
"assets/universal_library/body/body__human-anatomy-concept__w-44692134.jpg","body","430104"
"assets/universal_library/body/body__human-anatomy-concept__w-46744692.jpg","body","103681"
"assets/universal_library/body/body__human-anatomy-concept__w-50519720.jpg","body","368595"
"assets/universal_library/body/body__human-anatomy-concept__w-52801240.jpg","body","612735"
"assets/universal_library/body/body__human-anatomy-concept__w-52801250.jpg","body","1025213"
"assets/universal_library/body/body__human-anatomy-concept__w-5309032.jpg","body","1019645"
"assets/universal_library/body/body__human-anatomy-concept__w-5346958.jpg","body","75012"
"assets/universal_library/body/body__human-anatomy-concept__w-5768162.jpg","body","511498"
"assets/universal_library/body/body__human-anatomy-concept__w-5768173.jpg","body","484469"
"assets/universal_library/body/body__human-anatomy-concept__w-58463024.jpg","body","880400"
"assets/universal_library/body/body__human-anatomy-concept__w-59430666.jpg","body","449100"
"assets/universal_library/body/body__human-anatomy-concept__w-85026216.jpg","body","1931731"
"assets/universal_library/body/body__human-anatomy-concept__w-85026240.jpg","body","2038901"
"assets/universal_library/body/body__human-anatomy-concept__w-88678463.png","body","403724"
"assets/universal_library/body/body__human-anatomy-concept__w-89201920.png","body","818109"
"assets/universal_library/body/body__human-anatomy-concept__w-91957509.jpg","body","2013123"
"assets/universal_library/body/body__human-anatomy-concept__w-98188334.png","body","265246"
"assets/universal_library/body/body__human-anatomy-concept__wikimedia-22778267.jpg","body","719414"
"assets/universal_library/body/body__human-anatomy-concept__wikimedia-46744692.jpg","body","103681"
"assets/universal_library/body/body__human-anatomy-concept__wikimedia-5346958.jpg","body","75012"
"assets/universal_library/body/body__human-anatomy-concept__wikimedia-59430666.jpg","body","449100"
"assets/universal_library/body/body__human-anatomy-concept__wikimedia-98188334.png","body","265246"
"assets/universal_library/civics/civics__democracy-concept__ikimedia-107875458.png","civics","76105"
"assets/universal_library/civics/civics__democracy-concept__ikimedia-193490126.jpg","civics","495225"
"assets/universal_library/civics/civics__democracy-concept__lf-government-building-1.jpg","civics","129835"
"assets/universal_library/civics/civics__democracy-concept__lf-government-building-2.jpg","civics","129835"
"assets/universal_library/civics/civics__democracy-concept__lf-government-building-3.jpg","civics","129835"
"assets/universal_library/civics/civics__democracy-concept__lf-government-building-4.jpg","civics","129835"
"assets/universal_library/civics/civics__democracy-concept__lf-government-building-5.jpg","civics","129835"
"assets/universal_library/civics/civics__democracy-concept__lf-government-building-6.jpg","civics","129835"
"assets/universal_library/civics/civics__democracy-concept__lf-government-building-7.jpg","civics","129835"
"assets/universal_library/civics/civics__democracy-concept__lf-government-building-8.jpg","civics","129835"
"assets/universal_library/civics/civics__democracy-concept__w-107361509.jpg","civics","339633"
"assets/universal_library/civics/civics__democracy-concept__w-107361510.jpg","civics","359654"
"assets/universal_library/civics/civics__democracy-concept__w-107875458.png","civics","76105"
"assets/universal_library/civics/civics__democracy-concept__w-118089536.jpg","civics","62305"
"assets/universal_library/civics/civics__democracy-concept__w-143130591.jpg","civics","2536727"
"assets/universal_library/civics/civics__democracy-concept__w-143130592.jpg","civics","2428983"
"assets/universal_library/civics/civics__democracy-concept__w-143130595.jpg","civics","2483204"
"assets/universal_library/civics/civics__democracy-concept__w-143130596.jpg","civics","2553902"
"assets/universal_library/civics/civics__democracy-concept__w-143130597.jpg","civics","2547400"
"assets/universal_library/civics/civics__democracy-concept__w-143130599.jpg","civics","2493267"
"assets/universal_library/civics/civics__democracy-concept__w-143130600.jpg","civics","312400"
"assets/universal_library/civics/civics__democracy-concept__w-143130601.jpg","civics","2520406"
"assets/universal_library/civics/civics__democracy-concept__w-143130602.jpg","civics","2564001"
"assets/universal_library/civics/civics__democracy-concept__w-143130603.jpg","civics","2466324"
"assets/universal_library/civics/civics__democracy-concept__w-143130604.jpg","civics","2509158"
"assets/universal_library/civics/civics__democracy-concept__w-143130605.jpg","civics","2506479"
"assets/universal_library/civics/civics__democracy-concept__w-143130607.jpg","civics","2447948"
"assets/universal_library/civics/civics__democracy-concept__w-143130611.jpg","civics","2493760"
"assets/universal_library/civics/civics__democracy-concept__w-143130615.jpg","civics","304157"
"assets/universal_library/civics/civics__democracy-concept__w-143130616.jpg","civics","2531741"
"assets/universal_library/civics/civics__democracy-concept__w-143130618.jpg","civics","2454119"
"assets/universal_library/civics/civics__democracy-concept__w-143130619.jpg","civics","2431110"
"assets/universal_library/civics/civics__democracy-concept__w-143130620.jpg","civics","2484223"
"assets/universal_library/civics/civics__democracy-concept__w-143130624.jpg","civics","2484299"
"assets/universal_library/civics/civics__democracy-concept__w-143130626.jpg","civics","2584856"
"assets/universal_library/civics/civics__democracy-concept__w-143130630.jpg","civics","2455482"
"assets/universal_library/civics/civics__democracy-concept__w-143130631.jpg","civics","2405515"
"assets/universal_library/civics/civics__democracy-concept__w-143130632.jpg","civics","345768"
"assets/universal_library/civics/civics__democracy-concept__w-143130633.jpg","civics","359975"
"assets/universal_library/civics/civics__democracy-concept__w-143130635.jpg","civics","280748"
"assets/universal_library/civics/civics__democracy-concept__w-143130636.jpg","civics","323588"
"assets/universal_library/civics/civics__democracy-concept__w-143130650.jpg","civics","2533484"
"assets/universal_library/civics/civics__democracy-concept__w-158783455.jpg","civics","657030"
"assets/universal_library/civics/civics__democracy-concept__w-158783457.jpg","civics","548543"
"assets/universal_library/civics/civics__democracy-concept__w-158968167.jpg","civics","368267"
"assets/universal_library/civics/civics__democracy-concept__w-17099766.jpg","civics","716982"
"assets/universal_library/civics/civics__democracy-concept__w-17171722.jpg","civics","645639"
"assets/universal_library/civics/civics__democracy-concept__w-185051984.jpg","civics","332863"
"assets/universal_library/civics/civics__democracy-concept__w-191169536.png","civics","155042"
"assets/universal_library/civics/civics__democracy-concept__w-191569397.png","civics","424981"
"assets/universal_library/civics/civics__democracy-concept__w-193490126.jpg","civics","495225"
"assets/universal_library/civics/civics__democracy-concept__w-42322921.png","civics","72972"
"assets/universal_library/civics/civics__democracy-concept__w-42323080.png","civics","120127"
"assets/universal_library/civics/civics__democracy-concept__w-47316016.jpg","civics","949064"
"assets/universal_library/civics/civics__democracy-concept__w-66731554.jpg","civics","643187"
"assets/universal_library/civics/civics__democracy-concept__w-67133002.jpg","civics","227491"
"assets/universal_library/civics/civics__democracy-concept__w-67429049.jpg","civics","575407"
"assets/universal_library/civics/civics__democracy-concept__w-67523465.jpg","civics","223698"
"assets/universal_library/civics/civics__democracy-concept__w-67875825.jpg","civics","670115"
"assets/universal_library/civics/civics__democracy-concept__w-68109217.jpg","civics","769757"
"assets/universal_library/civics/civics__democracy-concept__w-68173209.jpg","civics","419541"
"assets/universal_library/civics/civics__democracy-concept__w-68229828.jpg","civics","862213"
"assets/universal_library/civics/civics__democracy-concept__w-68248992.jpg","civics","535191"
"assets/universal_library/civics/civics__democracy-concept__w-68249124.jpg","civics","506245"
"assets/universal_library/civics/civics__democracy-concept__wikimedia-17171722.jpg","civics","645639"
"assets/universal_library/civics/civics__democracy-concept__wikimedia-42322921.png","civics","72972"
"assets/universal_library/civics/civics__democracy-concept__wikimedia-42323080.png","civics","120127"
"assets/universal_library/energy/energy__renewable-energy-concept__ikimedia-103852226.jpg","energy","607172"
"assets/universal_library/energy/energy__renewable-energy-concept__ikimedia-119935282.jpg","energy","59361"
"assets/universal_library/energy/energy__renewable-energy-concept__ikimedia-137272269.png","energy","138678"
"assets/universal_library/energy/energy__renewable-energy-concept__ikimedia-146553564.jpg","energy","716345"
"assets/universal_library/energy/energy__renewable-energy-concept__lf-renewable-energy-1.jpg","energy","203837"
"assets/universal_library/energy/energy__renewable-energy-concept__lf-renewable-energy-2.jpg","energy","203837"
"assets/universal_library/energy/energy__renewable-energy-concept__lf-renewable-energy-3.jpg","energy","203837"
"assets/universal_library/energy/energy__renewable-energy-concept__lf-renewable-energy-4.jpg","energy","203837"
"assets/universal_library/energy/energy__renewable-energy-concept__lf-renewable-energy-5.jpg","energy","203837"
"assets/universal_library/energy/energy__renewable-energy-concept__lf-renewable-energy-6.jpg","energy","203837"
"assets/universal_library/energy/energy__renewable-energy-concept__lf-renewable-energy-7.jpg","energy","203837"
"assets/universal_library/energy/energy__renewable-energy-concept__lf-renewable-energy-8.jpg","energy","203837"
"assets/universal_library/energy/energy__renewable-energy-concept__w-103852226.jpg","energy","607172"
"assets/universal_library/energy/energy__renewable-energy-concept__w-105687326.jpg","energy","505832"
"assets/universal_library/energy/energy__renewable-energy-concept__w-11228632.jpg","energy","247935"
"assets/universal_library/energy/energy__renewable-energy-concept__w-112810599.jpg","energy","387598"
"assets/universal_library/energy/energy__renewable-energy-concept__w-119935282.jpg","energy","59361"
"assets/universal_library/energy/energy__renewable-energy-concept__w-127530315.jpg","energy","746249"
"assets/universal_library/energy/energy__renewable-energy-concept__w-127530323.jpg","energy","530246"
"assets/universal_library/energy/energy__renewable-energy-concept__w-127531066.jpg","energy","747697"
"assets/universal_library/energy/energy__renewable-energy-concept__w-127531067.jpg","energy","681597"
"assets/universal_library/energy/energy__renewable-energy-concept__w-127531069.jpg","energy","1354408"
"assets/universal_library/energy/energy__renewable-energy-concept__w-127531070.jpg","energy","503717"
"assets/universal_library/energy/energy__renewable-energy-concept__w-129863150.jpg","energy","147147"
"assets/universal_library/energy/energy__renewable-energy-concept__w-133641473.jpg","energy","452870"
"assets/universal_library/energy/energy__renewable-energy-concept__w-133756160.jpg","energy","124811"
"assets/universal_library/energy/energy__renewable-energy-concept__w-134261323.png","energy","356390"
"assets/universal_library/energy/energy__renewable-energy-concept__w-136598584.jpg","energy","164910"
"assets/universal_library/energy/energy__renewable-energy-concept__w-137272269.png","energy","138678"
"assets/universal_library/energy/energy__renewable-energy-concept__w-138252383.jpg","energy","126357"
"assets/universal_library/energy/energy__renewable-energy-concept__w-140046636.jpg","energy","614830"
"assets/universal_library/energy/energy__renewable-energy-concept__w-143434389.jpg","energy","527295"
"assets/universal_library/energy/energy__renewable-energy-concept__w-146553564.jpg","energy","716345"
"assets/universal_library/energy/energy__renewable-energy-concept__w-148796701.png","energy","987002"
"assets/universal_library/energy/energy__renewable-energy-concept__w-148798779.png","energy","885110"
"assets/universal_library/energy/energy__renewable-energy-concept__w-148798841.png","energy","891886"
"assets/universal_library/energy/energy__renewable-energy-concept__w-148798882.png","energy","911454"
"assets/universal_library/energy/energy__renewable-energy-concept__w-148817699.png","energy","915553"
"assets/universal_library/energy/energy__renewable-energy-concept__w-148854291.jpg","energy","333368"
"assets/universal_library/energy/energy__renewable-energy-concept__w-149281379.jpg","energy","130927"
"assets/universal_library/energy/energy__renewable-energy-concept__w-150872066.jpg","energy","887907"
"assets/universal_library/energy/energy__renewable-energy-concept__w-150954676.webp","energy","3025360"
"assets/universal_library/energy/energy__renewable-energy-concept__w-151980685.png","energy","907467"
"assets/universal_library/energy/energy__renewable-energy-concept__w-153605494.jpg","energy","513122"
"assets/universal_library/energy/energy__renewable-energy-concept__w-155659555.jpg","energy","937825"
"assets/universal_library/energy/energy__renewable-energy-concept__w-156279451.jpg","energy","304573"
"assets/universal_library/energy/energy__renewable-energy-concept__w-156279452.jpg","energy","466703"
"assets/universal_library/energy/energy__renewable-energy-concept__w-156279454.jpg","energy","425272"
"assets/universal_library/energy/energy__renewable-energy-concept__w-157112781.png","energy","3062968"
"assets/universal_library/energy/energy__renewable-energy-concept__w-157112782.png","energy","3159958"
"assets/universal_library/energy/energy__renewable-energy-concept__w-157112784.png","energy","3058469"
"assets/universal_library/energy/energy__renewable-energy-concept__w-158543579.webp","energy","2175959"
"assets/universal_library/energy/energy__renewable-energy-concept__w-15896639.jpg","energy","336021"
"assets/universal_library/energy/energy__renewable-energy-concept__w-159820040.jpg","energy","276352"
"assets/universal_library/energy/energy__renewable-energy-concept__w-16117438.jpg","energy","347459"
"assets/universal_library/energy/energy__renewable-energy-concept__w-165004516.png","energy","145581"
"assets/universal_library/energy/energy__renewable-energy-concept__w-168771943.jpg","energy","1157306"
"assets/universal_library/energy/energy__renewable-energy-concept__w-170372781.jpg","energy","631371"
"assets/universal_library/energy/energy__renewable-energy-concept__w-170890142.jpg","energy","162232"
"assets/universal_library/energy/energy__renewable-energy-concept__w-175178737.jpg","energy","444731"
"assets/universal_library/energy/energy__renewable-energy-concept__w-177859608.jpg","energy","748900"
"assets/universal_library/energy/energy__renewable-energy-concept__w-177862291.jpg","energy","602061"
"assets/universal_library/energy/energy__renewable-energy-concept__w-177862293.jpg","energy","685427"
"assets/universal_library/energy/energy__renewable-energy-concept__w-177862294.jpg","energy","777030"
"assets/universal_library/energy/energy__renewable-energy-concept__w-179057230.jpg","energy","728247"
"assets/universal_library/energy/energy__renewable-energy-concept__w-179800890.webp","energy","3606568"
"assets/universal_library/energy/energy__renewable-energy-concept__w-186763642.png","energy","67812"
"assets/universal_library/energy/energy__renewable-energy-concept__w-1893821.jpg","energy","637921"
"assets/universal_library/energy/energy__renewable-energy-concept__w-194655703.png","energy","714863"
"assets/universal_library/energy/energy__renewable-energy-concept__w-24396331.png","energy","55469"
"assets/universal_library/energy/energy__renewable-energy-concept__w-24396333.png","energy","44762"
"assets/universal_library/energy/energy__renewable-energy-concept__w-26453836.jpg","energy","314955"
"assets/universal_library/energy/energy__renewable-energy-concept__w-29866005.jpg","energy","800428"
"assets/universal_library/energy/energy__renewable-energy-concept__w-33070107.jpg","energy","323056"
"assets/universal_library/energy/energy__renewable-energy-concept__w-54914226.jpg","energy","675260"
"assets/universal_library/energy/energy__renewable-energy-concept__w-58651052.jpg","energy","578404"
"assets/universal_library/energy/energy__renewable-energy-concept__w-61107813.jpg","energy","618744"
"assets/universal_library/energy/energy__renewable-energy-concept__w-61107814.jpg","energy","461011"
"assets/universal_library/energy/energy__renewable-energy-concept__w-64557191.jpg","energy","480038"
"assets/universal_library/energy/energy__renewable-energy-concept__w-68790004.jpg","energy","743796"
"assets/universal_library/energy/energy__renewable-energy-concept__w-69160681.jpg","energy","972081"
"assets/universal_library/energy/energy__renewable-energy-concept__w-70022006.jpg","energy","470400"
"assets/universal_library/energy/energy__renewable-energy-concept__w-71275365.jpg","energy","485438"
"assets/universal_library/energy/energy__renewable-energy-concept__w-83583057.jpg","energy","654325"
"assets/universal_library/energy/energy__renewable-energy-concept__w-88536118.jpg","energy","383423"
"assets/universal_library/energy/energy__renewable-energy-concept__w-92879457.jpg","energy","528378"
"assets/universal_library/energy/energy__renewable-energy-concept__w-93244964.jpg","energy","378605"
"assets/universal_library/energy/energy__renewable-energy-concept__w-9406943.png","energy","575555"
"assets/universal_library/energy/energy__renewable-energy-concept__w-94769680.jpg","energy","789765"
"assets/universal_library/energy/energy__renewable-energy-concept__wikimedia-92879457.jpg","energy","528378"
"assets/universal_library/history/history__ancient-architecture__ikimedia-114003765.jpg","history","590445"
"assets/universal_library/history/history__ancient-architecture__ikimedia-128461632.jpg","history","465734"
"assets/universal_library/history/history__ancient-architecture__ikimedia-178232937.jpg","history","652317"
"assets/universal_library/history/history__ancient-architecture__ikimedia-181990727.jpg","history","1200137"
"assets/universal_library/history/history__ancient-architecture__lf-ancient-architecture-1.jpg","history","190296"
"assets/universal_library/history/history__ancient-architecture__lf-ancient-architecture-2.jpg","history","190296"
"assets/universal_library/history/history__ancient-architecture__lf-ancient-architecture-3.jpg","history","190296"
"assets/universal_library/history/history__ancient-architecture__lf-ancient-architecture-4.jpg","history","190296"
"assets/universal_library/history/history__ancient-architecture__lf-ancient-architecture-5.jpg","history","190296"
"assets/universal_library/history/history__ancient-architecture__lf-ancient-architecture-6.jpg","history","190296"
"assets/universal_library/history/history__ancient-architecture__lf-ancient-architecture-7.jpg","history","190296"
"assets/universal_library/history/history__ancient-architecture__lf-ancient-architecture-8.jpg","history","190296"
"assets/universal_library/history/history__ancient-architecture__lf-historical-parchment-1.jpg","history","123022"
"assets/universal_library/history/history__ancient-architecture__lf-historical-parchment-2.jpg","history","123022"
"assets/universal_library/history/history__ancient-architecture__lf-historical-parchment-3.jpg","history","123022"
"assets/universal_library/history/history__ancient-architecture__lf-historical-parchment-4.jpg","history","123022"
"assets/universal_library/history/history__ancient-architecture__lf-historical-parchment-5.jpg","history","123022"
"assets/universal_library/history/history__ancient-architecture__lf-historical-parchment-6.jpg","history","123022"
"assets/universal_library/history/history__ancient-architecture__lf-historical-parchment-7.jpg","history","123022"
"assets/universal_library/history/history__ancient-architecture__lf-historical-parchment-8.jpg","history","123022"
"assets/universal_library/history/history__ancient-architecture__w-104809613.jpg","history","1129166"
"assets/universal_library/history/history__ancient-architecture__w-1064511.jpg","history","825702"
"assets/universal_library/history/history__ancient-architecture__w-109607804.png","history","1345814"
"assets/universal_library/history/history__ancient-architecture__w-114003765.jpg","history","590445"
"assets/universal_library/history/history__ancient-architecture__w-128128944.jpg","history","281801"
"assets/universal_library/history/history__ancient-architecture__w-128461632.jpg","history","465734"
"assets/universal_library/history/history__ancient-architecture__w-139366538.jpg","history","833861"
"assets/universal_library/history/history__ancient-architecture__w-139366539.jpg","history","807122"
"assets/universal_library/history/history__ancient-architecture__w-160944365.jpg","history","782172"
"assets/universal_library/history/history__ancient-architecture__w-170462968.jpg","history","372739"
"assets/universal_library/history/history__ancient-architecture__w-170631479.jpg","history","972434"
"assets/universal_library/history/history__ancient-architecture__w-17269144.jpg","history","958485"
"assets/universal_library/history/history__ancient-architecture__w-175905264.jpg","history","1037664"
"assets/universal_library/history/history__ancient-architecture__w-177913082.jpg","history","1221088"
"assets/universal_library/history/history__ancient-architecture__w-178232937.jpg","history","652317"
"assets/universal_library/history/history__ancient-architecture__w-178331761.jpg","history","566898"
"assets/universal_library/history/history__ancient-architecture__w-180059154.jpg","history","2407708"
"assets/universal_library/history/history__ancient-architecture__w-180059198.jpg","history","1248414"
"assets/universal_library/history/history__ancient-architecture__w-181990727.jpg","history","1200137"
"assets/universal_library/history/history__ancient-architecture__w-182486580.jpg","history","752191"
"assets/universal_library/history/history__ancient-architecture__w-193266929.jpg","history","307645"
"assets/universal_library/history/history__ancient-architecture__w-195137947.jpg","history","1094933"
"assets/universal_library/history/history__ancient-architecture__w-36369582.jpg","history","824523"
"assets/universal_library/history/history__ancient-architecture__w-38784480.jpg","history","1637276"
"assets/universal_library/history/history__ancient-architecture__w-43225289.jpg","history","547022"
"assets/universal_library/history/history__ancient-architecture__w-44114989.jpg","history","438540"
"assets/universal_library/history/history__ancient-architecture__w-44201066.jpg","history","687284"
"assets/universal_library/history/history__ancient-architecture__w-48663811.jpg","history","190554"
"assets/universal_library/history/history__ancient-architecture__w-48663813.jpg","history","1554961"
"assets/universal_library/history/history__ancient-architecture__w-48663814.jpg","history","211655"
"assets/universal_library/history/history__ancient-architecture__w-48663815.jpg","history","359976"
"assets/universal_library/history/history__ancient-architecture__w-48663958.jpg","history","134476"
"assets/universal_library/history/history__ancient-architecture__w-48663960.jpg","history","335940"
"assets/universal_library/history/history__ancient-architecture__w-48663961.jpg","history","285331"
"assets/universal_library/history/history__ancient-architecture__w-48663962.jpg","history","1040134"
"assets/universal_library/history/history__ancient-architecture__w-48663963.jpg","history","527870"
"assets/universal_library/history/history__ancient-architecture__w-48663967.jpg","history","345805"
"assets/universal_library/history/history__ancient-architecture__w-48663969.jpg","history","324783"
"assets/universal_library/history/history__ancient-architecture__w-48663970.jpg","history","245325"
"assets/universal_library/history/history__ancient-architecture__w-48663971.jpg","history","271618"
"assets/universal_library/history/history__ancient-architecture__w-48664014.jpg","history","422772"
"assets/universal_library/history/history__ancient-architecture__w-48664015.jpg","history","206890"
"assets/universal_library/history/history__ancient-architecture__w-48664016.jpg","history","800779"
"assets/universal_library/history/history__ancient-architecture__w-48664017.jpg","history","426106"
"assets/universal_library/history/history__ancient-architecture__w-48664019.jpg","history","252846"
"assets/universal_library/history/history__ancient-architecture__w-48664020.jpg","history","193043"
"assets/universal_library/history/history__ancient-architecture__w-48664022.jpg","history","264320"
"assets/universal_library/history/history__ancient-architecture__w-49089505.jpg","history","948219"
"assets/universal_library/history/history__ancient-architecture__w-57542327.jpg","history","1266383"
"assets/universal_library/history/history__ancient-architecture__w-57542334.jpg","history","1489038"
"assets/universal_library/history/history__ancient-architecture__w-57542347.jpg","history","1787618"
"assets/universal_library/history/history__ancient-architecture__w-57542354.jpg","history","1153609"
"assets/universal_library/history/history__ancient-architecture__w-57542360.jpg","history","1543681"
"assets/universal_library/history/history__ancient-architecture__w-57542369.jpg","history","1786574"
"assets/universal_library/history/history__ancient-architecture__w-57542374.jpg","history","1363524"
"assets/universal_library/history/history__ancient-architecture__w-57542387.jpg","history","623206"
"assets/universal_library/history/history__ancient-architecture__w-64226283.jpg","history","214963"
"assets/universal_library/history/history__ancient-architecture__w-65468794.jpg","history","967603"
"assets/universal_library/history/history__ancient-architecture__w-67163645.jpg","history","615726"
"assets/universal_library/history/history__ancient-architecture__w-67795854.jpg","history","722871"
"assets/universal_library/history/history__ancient-architecture__w-72779065.jpg","history","722389"
"assets/universal_library/history/history__ancient-architecture__w-73336718.jpg","history","803932"
"assets/universal_library/history/history__ancient-architecture__w-73337816.jpg","history","524298"
"assets/universal_library/history/history__ancient-architecture__w-77900496.jpg","history","984013"
"assets/universal_library/history/history__ancient-architecture__w-81609251.jpg","history","923793"
"assets/universal_library/history/history__ancient-architecture__w-93935761.jpg","history","495137"
"assets/universal_library/history/history__ancient-architecture__w-98784336.jpg","history","165357"
"assets/universal_library/history/history__ancient-architecture__wikimedia-36369582.jpg","history","824523"
"assets/universal_library/industry/industry__factory-abstract__ikimedia-179255202.jpg","industry","315938"
"assets/universal_library/industry/industry__factory-abstract__ikimedia-179255203.jpg","industry","283351"
"assets/universal_library/industry/industry__factory-abstract__ikimedia-179255204.jpg","industry","315735"
"assets/universal_library/industry/industry__factory-abstract__ikimedia-179255210.jpg","industry","381052"
"assets/universal_library/industry/industry__factory-abstract__ikimedia-179255211.jpg","industry","349414"
"assets/universal_library/industry/industry__factory-abstract__w-100224391.png","industry","455911"
"assets/universal_library/industry/industry__factory-abstract__w-116071839.jpg","industry","1143457"
"assets/universal_library/industry/industry__factory-abstract__w-120787632.jpg","industry","359440"
"assets/universal_library/industry/industry__factory-abstract__w-130464384.jpg","industry","476971"
"assets/universal_library/industry/industry__factory-abstract__w-130464385.jpg","industry","584971"
"assets/universal_library/industry/industry__factory-abstract__w-150950338.jpg","industry","955800"
"assets/universal_library/industry/industry__factory-abstract__w-152747095.jpg","industry","453117"
"assets/universal_library/industry/industry__factory-abstract__w-154620261.jpg","industry","180271"
"assets/universal_library/industry/industry__factory-abstract__w-164149302.jpg","industry","502639"
"assets/universal_library/industry/industry__factory-abstract__w-164149307.jpg","industry","471324"
"assets/universal_library/industry/industry__factory-abstract__w-164149308.jpg","industry","339532"
"assets/universal_library/industry/industry__factory-abstract__w-164149309.jpg","industry","441868"
"assets/universal_library/industry/industry__factory-abstract__w-164149310.jpg","industry","383679"
"assets/universal_library/industry/industry__factory-abstract__w-164149316.jpg","industry","481329"
"assets/universal_library/industry/industry__factory-abstract__w-164149317.jpg","industry","472236"
"assets/universal_library/industry/industry__factory-abstract__w-170331814.jpg","industry","781479"
"assets/universal_library/industry/industry__factory-abstract__w-176864307.jpg","industry","333128"
"assets/universal_library/industry/industry__factory-abstract__w-179255202.jpg","industry","315938"
"assets/universal_library/industry/industry__factory-abstract__w-179255203.jpg","industry","283351"
"assets/universal_library/industry/industry__factory-abstract__w-179255204.jpg","industry","315735"
"assets/universal_library/industry/industry__factory-abstract__w-179255210.jpg","industry","381052"
"assets/universal_library/industry/industry__factory-abstract__w-179255211.jpg","industry","349414"
"assets/universal_library/industry/industry__factory-abstract__w-179255213.jpg","industry","325268"
"assets/universal_library/industry/industry__factory-abstract__w-179255216.jpg","industry","335299"
"assets/universal_library/industry/industry__factory-abstract__w-179255217.jpg","industry","359559"
"assets/universal_library/industry/industry__factory-abstract__w-179255218.jpg","industry","351395"
"assets/universal_library/industry/industry__factory-abstract__w-179255223.jpg","industry","380736"
"assets/universal_library/industry/industry__factory-abstract__w-179255224.jpg","industry","393916"
"assets/universal_library/industry/industry__factory-abstract__w-179255225.jpg","industry","396228"
"assets/universal_library/industry/industry__factory-abstract__w-179255291.jpg","industry","508616"
"assets/universal_library/industry/industry__factory-abstract__w-179981129.jpg","industry","657657"
"assets/universal_library/industry/industry__factory-abstract__w-181093679.jpg","industry","56757"
"assets/universal_library/industry/industry__factory-abstract__w-181093757.jpg","industry","134635"
"assets/universal_library/industry/industry__factory-abstract__w-183396031.png","industry","198719"
"assets/universal_library/industry/industry__factory-abstract__w-22271754.jpg","industry","764265"
"assets/universal_library/industry/industry__factory-abstract__w-22857571.jpg","industry","729553"
"assets/universal_library/industry/industry__factory-abstract__w-22870734.jpg","industry","790126"
"assets/universal_library/industry/industry__factory-abstract__w-27942301.png","industry","4596313"
"assets/universal_library/industry/industry__factory-abstract__w-28067065.jpg","industry","365184"
"assets/universal_library/industry/industry__factory-abstract__w-36200407.jpg","industry","394076"
"assets/universal_library/industry/industry__factory-abstract__w-36485951.jpg","industry","932536"
"assets/universal_library/industry/industry__factory-abstract__w-36485952.jpg","industry","562444"
"assets/universal_library/industry/industry__factory-abstract__w-36485954.jpg","industry","729197"
"assets/universal_library/industry/industry__factory-abstract__w-49376611.jpg","industry","572301"
"assets/universal_library/industry/industry__factory-abstract__w-49826683.jpg","industry","881356"
"assets/universal_library/industry/industry__factory-abstract__w-49827322.jpg","industry","704057"
"assets/universal_library/industry/industry__factory-abstract__w-66201518.jpg","industry","819758"
"assets/universal_library/industry/industry__factory-abstract__w-66647209.jpg","industry","646196"
"assets/universal_library/industry/industry__factory-abstract__w-66696137.jpg","industry","512421"
"assets/universal_library/industry/industry__factory-abstract__w-66696175.jpg","industry","534761"
"assets/universal_library/industry/industry__factory-abstract__w-66696211.jpg","industry","540796"
"assets/universal_library/industry/industry__factory-abstract__w-6716231.png","industry","79585"
"assets/universal_library/industry/industry__factory-abstract__w-67740862.jpg","industry","590657"
"assets/universal_library/industry/industry__factory-abstract__w-67749768.jpg","industry","528073"
"assets/universal_library/industry/industry__factory-abstract__w-67749815.jpg","industry","824400"
"assets/universal_library/industry/industry__factory-abstract__w-67749874.jpg","industry","906624"
"assets/universal_library/industry/industry__factory-abstract__w-67750010.jpg","industry","588963"
"assets/universal_library/industry/industry__factory-abstract__w-67750043.jpg","industry","785058"
"assets/universal_library/industry/industry__factory-abstract__w-67750101.jpg","industry","801435"
"assets/universal_library/industry/industry__factory-abstract__w-68232619.jpg","industry","324145"
"assets/universal_library/industry/industry__factory-abstract__w-86070120.jpg","industry","653161"
"assets/universal_library/math/math__geometry-abstract__ikimedia-114581991.jpg","math","73703"
"assets/universal_library/math/math__geometry-abstract__ikimedia-157545422.png","math","40811"
"assets/universal_library/math/math__geometry-abstract__ikimedia-194261875.png","math","2412951"
"assets/universal_library/math/math__geometry-abstract__lf-geometry-abstract-1.jpg","math","95308"
"assets/universal_library/math/math__geometry-abstract__lf-geometry-abstract-2.jpg","math","95308"
"assets/universal_library/math/math__geometry-abstract__lf-geometry-abstract-3.jpg","math","95308"
"assets/universal_library/math/math__geometry-abstract__lf-geometry-abstract-4.jpg","math","95308"
"assets/universal_library/math/math__geometry-abstract__lf-geometry-abstract-5.jpg","math","95308"
"assets/universal_library/math/math__geometry-abstract__lf-geometry-abstract-6.jpg","math","95308"
"assets/universal_library/math/math__geometry-abstract__lf-geometry-abstract-7.jpg","math","95308"
"assets/universal_library/math/math__geometry-abstract__lf-geometry-abstract-8.jpg","math","95308"
"assets/universal_library/math/math__geometry-abstract__lf-mathematical-pattern-1.jpg","math","174737"
"assets/universal_library/math/math__geometry-abstract__lf-mathematical-pattern-2.jpg","math","174737"
"assets/universal_library/math/math__geometry-abstract__lf-mathematical-pattern-3.jpg","math","174737"
"assets/universal_library/math/math__geometry-abstract__lf-mathematical-pattern-4.jpg","math","174737"
"assets/universal_library/math/math__geometry-abstract__lf-mathematical-pattern-5.jpg","math","174737"
"assets/universal_library/math/math__geometry-abstract__lf-mathematical-pattern-6.jpg","math","174737"
"assets/universal_library/math/math__geometry-abstract__lf-mathematical-pattern-7.jpg","math","174737"
"assets/universal_library/math/math__geometry-abstract__lf-mathematical-pattern-8.jpg","math","174737"
"assets/universal_library/math/math__geometry-abstract__w-113253274.png","math","53639"
"assets/universal_library/math/math__geometry-abstract__w-114581991.jpg","math","73703"
"assets/universal_library/math/math__geometry-abstract__w-117679124.png","math","135261"
"assets/universal_library/math/math__geometry-abstract__w-11799535.png","math","70295"
"assets/universal_library/math/math__geometry-abstract__w-136214955.jpg","math","379898"
"assets/universal_library/math/math__geometry-abstract__w-140708494.png","math","152303"
"assets/universal_library/math/math__geometry-abstract__w-142178730.png","math","51683"
"assets/universal_library/math/math__geometry-abstract__w-144795926.png","math","58088"
"assets/universal_library/math/math__geometry-abstract__w-145678868.png","math","504361"
"assets/universal_library/math/math__geometry-abstract__w-15721655.jpg","math","860395"
"assets/universal_library/math/math__geometry-abstract__w-157545422.png","math","40811"
"assets/universal_library/math/math__geometry-abstract__w-174737829.jpg","math","104770"
"assets/universal_library/math/math__geometry-abstract__w-18008992.jpg","math","239315"
"assets/universal_library/math/math__geometry-abstract__w-185676124.jpg","math","924574"
"assets/universal_library/math/math__geometry-abstract__w-186466478.jpg","math","1174842"
"assets/universal_library/math/math__geometry-abstract__w-188620383.jpg","math","1450920"
"assets/universal_library/math/math__geometry-abstract__w-193453994.png","math","81218"
"assets/universal_library/math/math__geometry-abstract__w-194261875.png","math","2412951"
"assets/universal_library/math/math__geometry-abstract__w-29584973.jpg","math","93098"
"assets/universal_library/math/math__geometry-abstract__w-31128419.png","math","46968"
"assets/universal_library/math/math__geometry-abstract__w-36199465.jpg","math","1161701"
"assets/universal_library/math/math__geometry-abstract__w-36199468.jpg","math","1012317"
"assets/universal_library/math/math__geometry-abstract__w-37043411.jpg","math","245487"
"assets/universal_library/math/math__geometry-abstract__w-45765646.jpg","math","833229"
"assets/universal_library/math/math__geometry-abstract__w-468726.jpg","math","302108"
"assets/universal_library/math/math__geometry-abstract__w-51256997.jpg","math","480426"
"assets/universal_library/math/math__geometry-abstract__w-51257001.jpg","math","368750"
"assets/universal_library/math/math__geometry-abstract__w-51257002.png","math","1257698"
"assets/universal_library/math/math__geometry-abstract__w-56942186.jpg","math","192312"
"assets/universal_library/math/math__geometry-abstract__w-63706951.jpg","math","763563"
"assets/universal_library/math/math__geometry-abstract__w-67873228.jpg","math","250148"
"assets/universal_library/math/math__geometry-abstract__w-67873243.jpg","math","217898"
"assets/universal_library/math/math__geometry-abstract__w-78754611.jpg","math","3122586"
"assets/universal_library/math/math__geometry-abstract__w-7908286.jpg","math","442215"
"assets/universal_library/math/math__geometry-abstract__w-7968592.jpg","math","234651"
"assets/universal_library/math/math__geometry-abstract__w-80170965.png","math","325053"
"assets/universal_library/math/math__geometry-abstract__w-97362969.jpg","math","567832"
"assets/universal_library/math/math__geometry-abstract__w-99164884.jpg","math","146113"
"assets/universal_library/math/math__geometry-abstract__wikimedia-78754611.jpg","math","3122586"
"assets/universal_library/math/math__geometry-abstract__wikimedia-99164884.jpg","math","146113"
"assets/universal_library/nature/nature__forest-ecosystem__lf-forest-ecosystem-1.jpg","nature","88591"
"assets/universal_library/nature/nature__forest-ecosystem__lf-forest-ecosystem-2.jpg","nature","88591"
"assets/universal_library/nature/nature__forest-ecosystem__lf-forest-ecosystem-3.jpg","nature","88591"
"assets/universal_library/nature/nature__forest-ecosystem__lf-forest-ecosystem-4.jpg","nature","88591"
"assets/universal_library/nature/nature__forest-ecosystem__lf-forest-ecosystem-5.jpg","nature","88591"
"assets/universal_library/nature/nature__forest-ecosystem__lf-forest-ecosystem-6.jpg","nature","88591"
"assets/universal_library/nature/nature__forest-ecosystem__lf-forest-ecosystem-7.jpg","nature","88591"
"assets/universal_library/nature/nature__forest-ecosystem__lf-forest-ecosystem-8.jpg","nature","88591"
"assets/universal_library/nature/nature__forest-ecosystem__lf-plant-growth-1.jpg","nature","65698"
"assets/universal_library/nature/nature__forest-ecosystem__lf-plant-growth-2.jpg","nature","65698"
"assets/universal_library/nature/nature__forest-ecosystem__lf-plant-growth-3.jpg","nature","65698"
"assets/universal_library/nature/nature__forest-ecosystem__lf-plant-growth-4.jpg","nature","65698"
"assets/universal_library/nature/nature__forest-ecosystem__w-101300197.jpg","nature","513125"
"assets/universal_library/nature/nature__forest-ecosystem__w-102384160.png","nature","496809"
"assets/universal_library/nature/nature__forest-ecosystem__w-102604696.png","nature","14542161"
"assets/universal_library/nature/nature__forest-ecosystem__w-104370724.jpg","nature","1460446"
"assets/universal_library/nature/nature__forest-ecosystem__w-106341638.png","nature","217513"
"assets/universal_library/nature/nature__forest-ecosystem__w-112788026.jpg","nature","251453"
"assets/universal_library/nature/nature__forest-ecosystem__w-113471832.jpg","nature","632983"
"assets/universal_library/nature/nature__forest-ecosystem__w-114657987.jpg","nature","1165609"
"assets/universal_library/nature/nature__forest-ecosystem__w-114657990.jpg","nature","1099526"
"assets/universal_library/nature/nature__forest-ecosystem__w-114657991.jpg","nature","1191028"
"assets/universal_library/nature/nature__forest-ecosystem__w-114657992.jpg","nature","928641"
"assets/universal_library/nature/nature__forest-ecosystem__w-114657995.jpg","nature","1066738"
"assets/universal_library/nature/nature__forest-ecosystem__w-122145933.jpg","nature","333181"
"assets/universal_library/nature/nature__forest-ecosystem__w-128901308.png","nature","4104059"
"assets/universal_library/nature/nature__forest-ecosystem__w-132557721.png","nature","120358"
"assets/universal_library/nature/nature__forest-ecosystem__w-132589708.png","nature","429891"
"assets/universal_library/nature/nature__forest-ecosystem__w-137993241.jpg","nature","377664"
"assets/universal_library/nature/nature__forest-ecosystem__w-139956224.jpg","nature","1797099"
"assets/universal_library/nature/nature__forest-ecosystem__w-140007746.jpg","nature","279779"
"assets/universal_library/nature/nature__forest-ecosystem__w-140013961.jpg","nature","1485259"
"assets/universal_library/nature/nature__forest-ecosystem__w-146804897.png","nature","4767376"
"assets/universal_library/nature/nature__forest-ecosystem__w-148947081.webp","nature","299174"
"assets/universal_library/nature/nature__forest-ecosystem__w-148947094.webp","nature","3001477"
"assets/universal_library/nature/nature__forest-ecosystem__w-155103085.jpg","nature","3985897"
"assets/universal_library/nature/nature__forest-ecosystem__w-159028445.jpg","nature","1408373"
"assets/universal_library/nature/nature__forest-ecosystem__w-167868913.jpg","nature","1761903"
"assets/universal_library/nature/nature__forest-ecosystem__w-178617697.jpg","nature","610691"
"assets/universal_library/nature/nature__forest-ecosystem__w-180346893.jpg","nature","1424465"
"assets/universal_library/nature/nature__forest-ecosystem__w-182737869.jpg","nature","1085866"
"assets/universal_library/nature/nature__forest-ecosystem__w-183235781.jpg","nature","265932"
"assets/universal_library/nature/nature__forest-ecosystem__w-186692973.jpg","nature","457543"
"assets/universal_library/nature/nature__forest-ecosystem__w-189618992.jpg","nature","866060"
"assets/universal_library/nature/nature__forest-ecosystem__w-191312547.jpg","nature","2467101"
"assets/universal_library/nature/nature__forest-ecosystem__w-194925866.jpg","nature","575552"
"assets/universal_library/nature/nature__forest-ecosystem__w-2249673.jpg","nature","880922"
"assets/universal_library/nature/nature__forest-ecosystem__w-26871355.jpg","nature","318709"
"assets/universal_library/nature/nature__forest-ecosystem__w-26871373.jpg","nature","272643"
"assets/universal_library/nature/nature__forest-ecosystem__w-33981947.jpg","nature","1074605"
"assets/universal_library/nature/nature__forest-ecosystem__w-36535392.jpg","nature","1264926"
"assets/universal_library/nature/nature__forest-ecosystem__w-42383332.jpg","nature","434368"
"assets/universal_library/nature/nature__forest-ecosystem__w-43300347.jpg","nature","331994"
"assets/universal_library/nature/nature__forest-ecosystem__w-43598601.jpg","nature","804769"
"assets/universal_library/nature/nature__forest-ecosystem__w-43710542.jpg","nature","348227"
"assets/universal_library/nature/nature__forest-ecosystem__w-44870786.jpg","nature","629539"
"assets/universal_library/nature/nature__forest-ecosystem__w-45620238.jpg","nature","543331"
"assets/universal_library/nature/nature__forest-ecosystem__w-51067774.jpg","nature","700156"
"assets/universal_library/nature/nature__forest-ecosystem__w-5109450.png","nature","56097"
"assets/universal_library/nature/nature__forest-ecosystem__w-53486175.jpg","nature","417277"
"assets/universal_library/nature/nature__forest-ecosystem__w-59871979.jpg","nature","819752"
"assets/universal_library/nature/nature__forest-ecosystem__w-59871987.jpg","nature","1106206"
"assets/universal_library/nature/nature__forest-ecosystem__w-59871992.jpg","nature","442946"
"assets/universal_library/nature/nature__forest-ecosystem__w-59871993.jpg","nature","821443"
"assets/universal_library/nature/nature__forest-ecosystem__w-59871994.jpg","nature","533716"
"assets/universal_library/nature/nature__forest-ecosystem__w-59872010.jpg","nature","415113"
"assets/universal_library/nature/nature__forest-ecosystem__w-59872017.jpg","nature","1055734"
"assets/universal_library/nature/nature__forest-ecosystem__w-60654728.jpg","nature","403359"
"assets/universal_library/nature/nature__forest-ecosystem__w-62419562.jpg","nature","54359"
"assets/universal_library/nature/nature__forest-ecosystem__w-64545542.jpg","nature","54304"
"assets/universal_library/nature/nature__forest-ecosystem__w-71349212.jpg","nature","318592"
"assets/universal_library/nature/nature__forest-ecosystem__w-75597424.jpg","nature","977842"
"assets/universal_library/nature/nature__forest-ecosystem__w-77173460.jpg","nature","1250123"
"assets/universal_library/nature/nature__forest-ecosystem__w-78397889.png","nature","815361"
"assets/universal_library/nature/nature__forest-ecosystem__w-78766950.jpg","nature","1373235"
"assets/universal_library/nature/nature__forest-ecosystem__w-78834692.jpg","nature","1194559"
"assets/universal_library/nature/nature__forest-ecosystem__w-78843655.jpg","nature","462846"
"assets/universal_library/nature/nature__forest-ecosystem__w-83173493.png","nature","1128576"
"assets/universal_library/nature/nature__forest-ecosystem__w-84431082.jpg","nature","1322829"
"assets/universal_library/nature/nature__forest-ecosystem__w-89628148.jpg","nature","981249"
"assets/universal_library/nature/nature__forest-ecosystem__w-89839000.jpg","nature","764428"
"assets/universal_library/nature/nature__forest-ecosystem__w-92240305.jpg","nature","1085847"
"assets/universal_library/nature/nature__forest-ecosystem__w-93705944.webp","nature","2476980"
"assets/universal_library/nature/nature__forest-ecosystem__w-95677627.png","nature","194567"
"assets/universal_library/nature/nature__forest-ecosystem__w-98621812.jpg","nature","986462"
"assets/universal_library/nature/nature__forest-ecosystem__wikimedia-2249673.jpg","nature","880922"
"assets/universal_library/nature/nature__forest-ecosystem__wikimedia-53486175.jpg","nature","417277"
"assets/universal_library/nature/nature__forest-ecosystem__wikimedia-71349212.jpg","nature","318592"
"assets/universal_library/nature/nature__forest-ecosystem__wikimedia-75597424.jpg","nature","977842"
"assets/universal_library/nature/nature__forest-ecosystem__wikimedia-78766950.jpg","nature","1373235"
"assets/universal_library/ocean/ocean__ocean-wave-texture__ikimedia-190772725.jpg","ocean","1398288"
"assets/universal_library/ocean/ocean__ocean-wave-texture__ikimedia-192196497.jpg","ocean","586465"
"assets/universal_library/ocean/ocean__ocean-wave-texture__ikimedia-192227771.png","ocean","1452585"
"assets/universal_library/ocean/ocean__ocean-wave-texture__ikimedia-193389458.jpg","ocean","82233"
"assets/universal_library/ocean/ocean__ocean-wave-texture__ikimedia-194874995.jpg","ocean","187566"
"assets/universal_library/ocean/ocean__ocean-wave-texture__w-110612783.png","ocean","575286"
"assets/universal_library/ocean/ocean__ocean-wave-texture__w-110613991.jpg","ocean","467536"
"assets/universal_library/ocean/ocean__ocean-wave-texture__w-112205304.jpg","ocean","187151"
"assets/universal_library/ocean/ocean__ocean-wave-texture__w-112294566.jpg","ocean","263581"
"assets/universal_library/ocean/ocean__ocean-wave-texture__w-11267871.png","ocean","932051"
"assets/universal_library/ocean/ocean__ocean-wave-texture__w-113161251.jpg","ocean","646183"
"assets/universal_library/ocean/ocean__ocean-wave-texture__w-113314196.png","ocean","1965512"
"assets/universal_library/ocean/ocean__ocean-wave-texture__w-122759591.png","ocean","771930"
"assets/universal_library/ocean/ocean__ocean-wave-texture__w-123061149.png","ocean","1440545"
"assets/universal_library/ocean/ocean__ocean-wave-texture__w-123109710.png","ocean","935476"
"assets/universal_library/ocean/ocean__ocean-wave-texture__w-123458598.png","ocean","285744"
"assets/universal_library/ocean/ocean__ocean-wave-texture__w-129472801.jpg","ocean","644595"
"assets/universal_library/ocean/ocean__ocean-wave-texture__w-130050753.jpg","ocean","1035246"
"assets/universal_library/ocean/ocean__ocean-wave-texture__w-130068215.jpg","ocean","1152975"
"assets/universal_library/ocean/ocean__ocean-wave-texture__w-130068233.jpg","ocean","1242292"
"assets/universal_library/ocean/ocean__ocean-wave-texture__w-130069399.jpg","ocean","1023732"
"assets/universal_library/ocean/ocean__ocean-wave-texture__w-130078210.jpg","ocean","1041274"
"assets/universal_library/ocean/ocean__ocean-wave-texture__w-130078500.jpg","ocean","1075693"
"assets/universal_library/ocean/ocean__ocean-wave-texture__w-130079434.jpg","ocean","1111156"
"assets/universal_library/ocean/ocean__ocean-wave-texture__w-130082412.jpg","ocean","954057"
"assets/universal_library/ocean/ocean__ocean-wave-texture__w-130082447.jpg","ocean","1001407"
"assets/universal_library/ocean/ocean__ocean-wave-texture__w-130082546.jpg","ocean","1107451"
"assets/universal_library/ocean/ocean__ocean-wave-texture__w-130084075.jpg","ocean","1162661"
"assets/universal_library/ocean/ocean__ocean-wave-texture__w-130086092.jpg","ocean","1146439"
"assets/universal_library/ocean/ocean__ocean-wave-texture__w-133344890.png","ocean","736901"
"assets/universal_library/ocean/ocean__ocean-wave-texture__w-133348254.png","ocean","1087355"
"assets/universal_library/ocean/ocean__ocean-wave-texture__w-133400810.png","ocean","791721"
"assets/universal_library/ocean/ocean__ocean-wave-texture__w-133487336.png","ocean","541473"
"assets/universal_library/ocean/ocean__ocean-wave-texture__w-145417946.jpg","ocean","1092072"
"assets/universal_library/ocean/ocean__ocean-wave-texture__w-160920728.png","ocean","1128768"
"assets/universal_library/ocean/ocean__ocean-wave-texture__w-160938346.png","ocean","796484"
"assets/universal_library/ocean/ocean__ocean-wave-texture__w-176537786.jpg","ocean","570485"
"assets/universal_library/ocean/ocean__ocean-wave-texture__w-176537799.jpg","ocean","554994"
"assets/universal_library/ocean/ocean__ocean-wave-texture__w-185965937.jpg","ocean","707534"
"assets/universal_library/ocean/ocean__ocean-wave-texture__w-187688184.jpg","ocean","188935"
"assets/universal_library/ocean/ocean__ocean-wave-texture__w-192196497.jpg","ocean","586465"
"assets/universal_library/ocean/ocean__ocean-wave-texture__w-192227771.png","ocean","1452585"
"assets/universal_library/ocean/ocean__ocean-wave-texture__w-193389458.jpg","ocean","82233"
"assets/universal_library/ocean/ocean__ocean-wave-texture__w-194195945.jpg","ocean","891141"
"assets/universal_library/ocean/ocean__ocean-wave-texture__w-194635794.jpg","ocean","1080805"
"assets/universal_library/ocean/ocean__ocean-wave-texture__w-194794524.jpg","ocean","544411"
"assets/universal_library/ocean/ocean__ocean-wave-texture__w-194795720.jpg","ocean","709737"
"assets/universal_library/ocean/ocean__ocean-wave-texture__w-194874995.jpg","ocean","187566"
"assets/universal_library/ocean/ocean__ocean-wave-texture__w-35436284.jpg","ocean","901687"
"assets/universal_library/ocean/ocean__ocean-wave-texture__w-41160406.jpg","ocean","1126926"
"assets/universal_library/ocean/ocean__ocean-wave-texture__w-42101488.jpg","ocean","1058419"
"assets/universal_library/ocean/ocean__ocean-wave-texture__w-43963128.jpg","ocean","600075"
"assets/universal_library/ocean/ocean__ocean-wave-texture__w-43989448.jpg","ocean","735701"
"assets/universal_library/ocean/ocean__ocean-wave-texture__w-44042200.jpg","ocean","568620"
"assets/universal_library/ocean/ocean__ocean-wave-texture__w-44078264.jpg","ocean","845170"
"assets/universal_library/ocean/ocean__ocean-wave-texture__w-44094385.jpg","ocean","648787"
"assets/universal_library/ocean/ocean__ocean-wave-texture__w-44094418.jpg","ocean","669387"
"assets/universal_library/ocean/ocean__ocean-wave-texture__w-44094439.jpg","ocean","529058"
"assets/universal_library/ocean/ocean__ocean-wave-texture__w-44094446.jpg","ocean","336572"
"assets/universal_library/ocean/ocean__ocean-wave-texture__w-44094528.jpg","ocean","621872"
"assets/universal_library/ocean/ocean__ocean-wave-texture__w-44094534.jpg","ocean","487950"
"assets/universal_library/ocean/ocean__ocean-wave-texture__w-44094657.jpg","ocean","396869"
"assets/universal_library/ocean/ocean__ocean-wave-texture__w-44094819.jpg","ocean","516386"
"assets/universal_library/ocean/ocean__ocean-wave-texture__w-44094837.jpg","ocean","358468"
"assets/universal_library/ocean/ocean__ocean-wave-texture__w-44094990.jpg","ocean","723682"
"assets/universal_library/ocean/ocean__ocean-wave-texture__w-44094998.jpg","ocean","641998"
"assets/universal_library/ocean/ocean__ocean-wave-texture__w-44095018.jpg","ocean","752700"
"assets/universal_library/ocean/ocean__ocean-wave-texture__w-44102092.jpg","ocean","701063"
"assets/universal_library/ocean/ocean__ocean-wave-texture__w-44111761.jpg","ocean","375241"
"assets/universal_library/ocean/ocean__ocean-wave-texture__w-45993303.jpg","ocean","1142242"
"assets/universal_library/ocean/ocean__ocean-wave-texture__w-46516115.jpg","ocean","591700"
"assets/universal_library/ocean/ocean__ocean-wave-texture__w-48795018.jpg","ocean","344634"
"assets/universal_library/ocean/ocean__ocean-wave-texture__w-52542600.png","ocean","393695"
"assets/universal_library/ocean/ocean__ocean-wave-texture__w-53518169.png","ocean","1810903"
"assets/universal_library/ocean/ocean__ocean-wave-texture__w-5805780.jpg","ocean","405100"
"assets/universal_library/ocean/ocean__ocean-wave-texture__w-6341967.png","ocean","1672401"
"assets/universal_library/ocean/ocean__ocean-wave-texture__w-67096862.jpg","ocean","1176655"
"assets/universal_library/ocean/ocean__ocean-wave-texture__w-67096863.jpg","ocean","1138978"
"assets/universal_library/ocean/ocean__ocean-wave-texture__w-67096864.jpg","ocean","1202530"
"assets/universal_library/ocean/ocean__ocean-wave-texture__w-67096865.jpg","ocean","1081304"
"assets/universal_library/ocean/ocean__ocean-wave-texture__w-73403010.jpg","ocean","806795"
"assets/universal_library/ocean/ocean__ocean-wave-texture__w-86926653.jpg","ocean","494915"
"assets/universal_library/ocean/ocean__ocean-wave-texture__w-89613874.png","ocean","415363"
"assets/universal_library/ocean/ocean__ocean-wave-texture__w-91429957.jpg","ocean","735898"
"assets/universal_library/ocean/ocean__ocean-wave-texture__w-91686160.jpg","ocean","75500"
"assets/universal_library/ocean/ocean__ocean-wave-texture__w-92043112.jpg","ocean","205599"
"assets/universal_library/ocean/ocean__ocean-wave-texture__w-93985864.jpg","ocean","57140"
"assets/universal_library/ocean/ocean__ocean-wave-texture__w-97774292.jpg","ocean","559937"
"assets/universal_library/ocean/ocean__ocean-wave-texture__w-98920938.jpg","ocean","108207"
"assets/universal_library/ocean/ocean__ocean-wave-texture__w-99494878.jpg","ocean","291255"
"assets/universal_library/tech/tech__digital-network-abstract__lf-computer-motherboard-1.jpg","tech","74723"
"assets/universal_library/tech/tech__digital-network-abstract__lf-computer-motherboard-2.jpg","tech","74723"
"assets/universal_library/tech/tech__digital-network-abstract__lf-computer-motherboard-3.jpg","tech","74723"
"assets/universal_library/tech/tech__digital-network-abstract__lf-computer-motherboard-4.jpg","tech","74723"
"assets/universal_library/tech/tech__digital-network-abstract__lf-computer-motherboard-5.jpg","tech","74723"
"assets/universal_library/tech/tech__digital-network-abstract__lf-computer-motherboard-6.jpg","tech","74723"
"assets/universal_library/tech/tech__digital-network-abstract__lf-computer-motherboard-7.jpg","tech","74723"
"assets/universal_library/tech/tech__digital-network-abstract__lf-computer-motherboard-8.jpg","tech","74723"
"assets/universal_library/tech/tech__digital-network-abstract__lf-digital-network-1.jpg","tech","69248"
"assets/universal_library/tech/tech__digital-network-abstract__lf-digital-network-2.jpg","tech","69248"
"assets/universal_library/tech/tech__digital-network-abstract__lf-digital-network-3.jpg","tech","69248"
"assets/universal_library/tech/tech__digital-network-abstract__lf-digital-network-4.jpg","tech","69248"
"assets/universal_library/tech/tech__digital-network-abstract__lf-digital-network-5.jpg","tech","69248"
"assets/universal_library/tech/tech__digital-network-abstract__lf-digital-network-6.jpg","tech","69248"
"assets/universal_library/tech/tech__digital-network-abstract__lf-digital-network-7.jpg","tech","69248"
"assets/universal_library/tech/tech__digital-network-abstract__lf-digital-network-8.jpg","tech","69248"
"assets/universal_library/tech/tech__digital-network-abstract__w-104981110.jpg","tech","1630136"
"assets/universal_library/tech/tech__digital-network-abstract__w-104981112.jpg","tech","862358"
"assets/universal_library/tech/tech__digital-network-abstract__w-104981113.jpg","tech","915633"
"assets/universal_library/tech/tech__digital-network-abstract__w-104981114.jpg","tech","758217"
"assets/universal_library/tech/tech__digital-network-abstract__w-104981116.jpg","tech","1087959"
"assets/universal_library/tech/tech__digital-network-abstract__w-104981117.jpg","tech","1591270"
"assets/universal_library/tech/tech__digital-network-abstract__w-104981119.jpg","tech","768672"
"assets/universal_library/tech/tech__digital-network-abstract__w-104981149.jpg","tech","490162"
"assets/universal_library/tech/tech__digital-network-abstract__w-104981150.jpg","tech","838182"
"assets/universal_library/tech/tech__digital-network-abstract__w-104981152.jpg","tech","900882"
"assets/universal_library/tech/tech__digital-network-abstract__w-104981156.jpg","tech","615664"
"assets/universal_library/tech/tech__digital-network-abstract__w-105320117.jpg","tech","235507"
"assets/universal_library/tech/tech__digital-network-abstract__w-105394429.png","tech","1005506"
"assets/universal_library/tech/tech__digital-network-abstract__w-105866811.jpg","tech","475214"
"assets/universal_library/tech/tech__digital-network-abstract__w-113186082.jpg","tech","865169"
"assets/universal_library/tech/tech__digital-network-abstract__w-11335500.jpg","tech","595246"
"assets/universal_library/tech/tech__digital-network-abstract__w-11584083.jpg","tech","610417"
"assets/universal_library/tech/tech__digital-network-abstract__w-123439650.png","tech","59093"
"assets/universal_library/tech/tech__digital-network-abstract__w-124483423.jpg","tech","487186"
"assets/universal_library/tech/tech__digital-network-abstract__w-124483503.jpg","tech","441076"
"assets/universal_library/tech/tech__digital-network-abstract__w-127413947.jpg","tech","303073"
"assets/universal_library/tech/tech__digital-network-abstract__w-132954291.jpg","tech","330065"
"assets/universal_library/tech/tech__digital-network-abstract__w-135482165.jpg","tech","693967"
"assets/universal_library/tech/tech__digital-network-abstract__w-145091240.png","tech","88469"
"assets/universal_library/tech/tech__digital-network-abstract__w-146911396.jpg","tech","828544"
"assets/universal_library/tech/tech__digital-network-abstract__w-147736147.png","tech","441119"
"assets/universal_library/tech/tech__digital-network-abstract__w-149838441.jpg","tech","75411"
"assets/universal_library/tech/tech__digital-network-abstract__w-153659539.jpg","tech","470545"
"assets/universal_library/tech/tech__digital-network-abstract__w-154118033.webp","tech","118848"
"assets/universal_library/tech/tech__digital-network-abstract__w-158115852.jpg","tech","813015"
"assets/universal_library/tech/tech__digital-network-abstract__w-165093294.jpg","tech","480596"
"assets/universal_library/tech/tech__digital-network-abstract__w-176748612.jpg","tech","339335"
"assets/universal_library/tech/tech__digital-network-abstract__w-182392085.jpg","tech","752210"
"assets/universal_library/tech/tech__digital-network-abstract__w-183758681.jpg","tech","1203613"
"assets/universal_library/tech/tech__digital-network-abstract__w-186624317.jpg","tech","440263"
"assets/universal_library/tech/tech__digital-network-abstract__w-187325402.png","tech","3506680"
"assets/universal_library/tech/tech__digital-network-abstract__w-188464135.jpg","tech","526653"
"assets/universal_library/tech/tech__digital-network-abstract__w-191809780.jpg","tech","784199"
"assets/universal_library/tech/tech__digital-network-abstract__w-192288258.png","tech","231168"
"assets/universal_library/tech/tech__digital-network-abstract__w-2653297.jpg","tech","662292"
"assets/universal_library/tech/tech__digital-network-abstract__w-36965591.png","tech","781116"
"assets/universal_library/tech/tech__digital-network-abstract__w-36965744.png","tech","457745"
"assets/universal_library/tech/tech__digital-network-abstract__w-40399209.jpg","tech","903234"
"assets/universal_library/tech/tech__digital-network-abstract__w-44122644.jpg","tech","227149"
"assets/universal_library/tech/tech__digital-network-abstract__w-45553157.jpg","tech","232122"
"assets/universal_library/tech/tech__digital-network-abstract__w-47832336.jpg","tech","104368"
"assets/universal_library/tech/tech__digital-network-abstract__w-53512461.jpg","tech","545432"
"assets/universal_library/tech/tech__digital-network-abstract__w-6037832.jpg","tech","976059"
"assets/universal_library/tech/tech__digital-network-abstract__w-63285036.jpg","tech","531595"
"assets/universal_library/tech/tech__digital-network-abstract__w-71177295.jpg","tech","529099"
"assets/universal_library/tech/tech__digital-network-abstract__w-71628924.png","tech","202488"
"assets/universal_library/tech/tech__digital-network-abstract__w-75789147.png","tech","142576"
"assets/universal_library/tech/tech__digital-network-abstract__w-75789290.png","tech","142597"
"assets/universal_library/tech/tech__digital-network-abstract__w-79376678.jpg","tech","139430"
"assets/universal_library/tech/tech__digital-network-abstract__w-79376679.jpg","tech","129515"
"assets/universal_library/tech/tech__digital-network-abstract__w-79376681.jpg","tech","294441"
"assets/universal_library/tech/tech__digital-network-abstract__w-79376686.jpg","tech","192308"
"assets/universal_library/tech/tech__digital-network-abstract__w-79376687.jpg","tech","138750"
"assets/universal_library/tech/tech__digital-network-abstract__w-79376691.jpg","tech","243565"
"assets/universal_library/tech/tech__digital-network-abstract__w-8243924.jpg","tech","318333"
"assets/universal_library/tech/tech__digital-network-abstract__w-82606958.png","tech","364144"
"assets/universal_library/tech/tech__digital-network-abstract__w-84529163.jpg","tech","1050979"
"assets/universal_library/tech/tech__digital-network-abstract__w-84529164.jpg","tech","1596038"
"assets/universal_library/tech/tech__digital-network-abstract__w-84529165.jpg","tech","513839"
"assets/universal_library/tech/tech__digital-network-abstract__w-84529166.jpg","tech","1333143"
"assets/universal_library/tech/tech__digital-network-abstract__w-84529168.jpg","tech","1569884"
"assets/universal_library/tech/tech__digital-network-abstract__w-84529169.jpg","tech","723419"
"assets/universal_library/tech/tech__digital-network-abstract__w-84529171.jpg","tech","1045598"
"assets/universal_library/tech/tech__digital-network-abstract__w-87505117.jpg","tech","114185"
"assets/universal_library/tech/tech__digital-network-abstract__w-87505118.jpg","tech","121157"
"assets/universal_library/tech/tech__digital-network-abstract__w-87505120.jpg","tech","106112"
"assets/universal_library/tech/tech__digital-network-abstract__w-87505121.jpg","tech","141586"
"assets/universal_library/tech/tech__digital-network-abstract__w-89120098.jpg","tech","98486"
"assets/universal_library/tech/tech__digital-network-abstract__w-89438559.png","tech","785858"
"assets/universal_library/tech/tech__digital-network-abstract__w-91110498.jpg","tech","512626"
"assets/universal_library/tech/tech__digital-network-abstract__w-91110499.jpg","tech","722547"
"assets/universal_library/tech/tech__digital-network-abstract__w-91973302.png","tech","2217759"
"assets/universal_library/tech/tech__digital-network-abstract__w-95825049.jpg","tech","347187"
"assets/universal_library/tech/tech__digital-network-abstract__w-97034964.jpg","tech","353145"
"assets/universal_library/tech/tech__digital-network-abstract__w-99709547.png","tech","155429"
"assets/universal_library/tech/tech__digital-network-abstract__wikimedia-75789147.png","tech","142576"
"assets/universal_library/tech/tech__digital-network-abstract__wikimedia-75789290.png","tech","142597"
"assets/universal_library/tech/tech__digital-network-abstract__wikimedia-82606958.png","tech","364144"
"assets/universal_library/tech/tech__digital-network-abstract__wikimedia-91110498.jpg","tech","512626"
"assets/universal_library/tech/tech__digital-network-abstract__wikimedia-91110499.jpg","tech","722547"
"assets/universal_library/war/war__military-strategy-map__ikimedia-105161171.jpg","war","126895"
"assets/universal_library/war/war__military-strategy-map__ikimedia-133630857.jpg","war","251379"
"assets/universal_library/war/war__military-strategy-map__ikimedia-148033693.jpg","war","115781"
"assets/universal_library/war/war__military-strategy-map__ikimedia-160193130.jpg","war","53639"
"assets/universal_library/war/war__military-strategy-map__ikimedia-184579379.jpg","war","504213"
"assets/universal_library/war/war__military-strategy-map__lf-military-strategy-1.jpg","war","154674"
"assets/universal_library/war/war__military-strategy-map__lf-military-strategy-2.jpg","war","154674"
"assets/universal_library/war/war__military-strategy-map__lf-military-strategy-3.jpg","war","154674"
"assets/universal_library/war/war__military-strategy-map__lf-military-strategy-4.jpg","war","154674"
"assets/universal_library/war/war__military-strategy-map__lf-military-strategy-5.jpg","war","154674"
"assets/universal_library/war/war__military-strategy-map__lf-military-strategy-6.jpg","war","154674"
"assets/universal_library/war/war__military-strategy-map__lf-military-strategy-7.jpg","war","154674"
"assets/universal_library/war/war__military-strategy-map__lf-military-strategy-8.jpg","war","154674"
"assets/universal_library/war/war__military-strategy-map__lf-soldier-silhouette-1.jpg","war","157519"
"assets/universal_library/war/war__military-strategy-map__lf-soldier-silhouette-2.jpg","war","157519"
"assets/universal_library/war/war__military-strategy-map__lf-soldier-silhouette-3.jpg","war","157519"
"assets/universal_library/war/war__military-strategy-map__lf-soldier-silhouette-4.jpg","war","157519"
"assets/universal_library/war/war__military-strategy-map__lf-soldier-silhouette-5.jpg","war","157519"
"assets/universal_library/war/war__military-strategy-map__lf-soldier-silhouette-6.jpg","war","157519"
"assets/universal_library/war/war__military-strategy-map__lf-soldier-silhouette-7.jpg","war","157519"
"assets/universal_library/war/war__military-strategy-map__lf-soldier-silhouette-8.jpg","war","157519"
"assets/universal_library/war/war__military-strategy-map__w-105161171.jpg","war","126895"
"assets/universal_library/war/war__military-strategy-map__w-105577906.jpg","war","418559"
"assets/universal_library/war/war__military-strategy-map__w-105612795.jpg","war","589913"
"assets/universal_library/war/war__military-strategy-map__w-105752795.jpg","war","736956"
"assets/universal_library/war/war__military-strategy-map__w-105778420.jpg","war","500002"
"assets/universal_library/war/war__military-strategy-map__w-105792216.jpg","war","904221"
"assets/universal_library/war/war__military-strategy-map__w-105799366.jpg","war","658303"
"assets/universal_library/war/war__military-strategy-map__w-105805936.jpg","war","567516"
"assets/universal_library/war/war__military-strategy-map__w-105837265.jpg","war","752860"
"assets/universal_library/war/war__military-strategy-map__w-105877613.jpg","war","686694"
"assets/universal_library/war/war__military-strategy-map__w-114357684.jpg","war","370160"
"assets/universal_library/war/war__military-strategy-map__w-114368331.jpg","war","373442"
"assets/universal_library/war/war__military-strategy-map__w-121568505.jpg","war","1039263"
"assets/universal_library/war/war__military-strategy-map__w-133630857.jpg","war","251379"
"assets/universal_library/war/war__military-strategy-map__w-134793597.jpg","war","1871825"
"assets/universal_library/war/war__military-strategy-map__w-138171306.png","war","2090933"
"assets/universal_library/war/war__military-strategy-map__w-139519577.jpg","war","1114023"
"assets/universal_library/war/war__military-strategy-map__w-142917422.jpg","war","1130586"
"assets/universal_library/war/war__military-strategy-map__w-142948227.jpg","war","1319359"
"assets/universal_library/war/war__military-strategy-map__w-144341214.jpg","war","712225"
"assets/universal_library/war/war__military-strategy-map__w-144343434.jpg","war","837032"
"assets/universal_library/war/war__military-strategy-map__w-144839459.jpg","war","523096"
"assets/universal_library/war/war__military-strategy-map__w-145012272.jpg","war","630042"
"assets/universal_library/war/war__military-strategy-map__w-145062319.jpg","war","532283"
"assets/universal_library/war/war__military-strategy-map__w-145087235.jpg","war","392863"
"assets/universal_library/war/war__military-strategy-map__w-148033693.jpg","war","115781"
"assets/universal_library/war/war__military-strategy-map__w-148267672.jpg","war","577934"
"assets/universal_library/war/war__military-strategy-map__w-148849336.jpg","war","541893"
"assets/universal_library/war/war__military-strategy-map__w-148853247.jpg","war","151024"
"assets/universal_library/war/war__military-strategy-map__w-154900573.jpg","war","268597"
"assets/universal_library/war/war__military-strategy-map__w-155242463.jpg","war","705461"
"assets/universal_library/war/war__military-strategy-map__w-157132922.jpg","war","845055"
"assets/universal_library/war/war__military-strategy-map__w-15754792.jpg","war","73456"
"assets/universal_library/war/war__military-strategy-map__w-160193130.jpg","war","53639"
"assets/universal_library/war/war__military-strategy-map__w-163119652.jpg","war","2723577"
"assets/universal_library/war/war__military-strategy-map__w-166317686.jpg","war","1665882"
"assets/universal_library/war/war__military-strategy-map__w-168664484.jpg","war","671483"
"assets/universal_library/war/war__military-strategy-map__w-170419429.jpg","war","2312229"
"assets/universal_library/war/war__military-strategy-map__w-177034895.jpg","war","1267108"
"assets/universal_library/war/war__military-strategy-map__w-184579379.jpg","war","504213"
"assets/universal_library/war/war__military-strategy-map__w-24274842.jpg","war","1154416"
"assets/universal_library/war/war__military-strategy-map__w-24274857.jpg","war","499736"
"assets/universal_library/war/war__military-strategy-map__w-24274876.jpg","war","638557"
"assets/universal_library/war/war__military-strategy-map__w-25263399.jpg","war","55482"
"assets/universal_library/war/war__military-strategy-map__w-31517814.jpg","war","209510"
"assets/universal_library/war/war__military-strategy-map__w-42187225.png","war","65471"
"assets/universal_library/war/war__military-strategy-map__w-43388708.jpg","war","1017773"
"assets/universal_library/war/war__military-strategy-map__w-43583414.jpg","war","565615"
"assets/universal_library/war/war__military-strategy-map__w-43583423.jpg","war","591212"
"assets/universal_library/war/war__military-strategy-map__w-43583546.jpg","war","669334"
"assets/universal_library/war/war__military-strategy-map__w-43583971.jpg","war","473937"
"assets/universal_library/war/war__military-strategy-map__w-43584726.jpg","war","430232"
"assets/universal_library/war/war__military-strategy-map__w-43807612.jpg","war","466734"
"assets/universal_library/war/war__military-strategy-map__w-43838601.jpg","war","279922"
"assets/universal_library/war/war__military-strategy-map__w-43838717.jpg","war","342300"
"assets/universal_library/war/war__military-strategy-map__w-43844587.jpg","war","605883"
"assets/universal_library/war/war__military-strategy-map__w-43845139.jpg","war","322208"
"assets/universal_library/war/war__military-strategy-map__w-43845855.jpg","war","358566"
"assets/universal_library/war/war__military-strategy-map__w-44075890.jpg","war","1866096"
"assets/universal_library/war/war__military-strategy-map__w-44075895.jpg","war","1353651"
"assets/universal_library/war/war__military-strategy-map__w-57455351.jpg","war","455720"
"assets/universal_library/war/war__military-strategy-map__w-62638261.jpg","war","467981"
"assets/universal_library/war/war__military-strategy-map__w-68740298.jpg","war","1078288"
"assets/universal_library/war/war__military-strategy-map__w-7405936.jpg","war","247305"
"assets/universal_library/war/war__military-strategy-map__w-81952888.jpg","war","697157"
"assets/universal_library/war/war__military-strategy-map__w-88090213.jpg","war","148817"
"assets/universal_library/war/war__military-strategy-map__w-92426641.jpg","war","1220414"